{"theta1":[[-0.6469687298920636,-0.6438122907068035,-0.2915107229534592,-0.6044353469158813,-0.16351304391183316,-0.6574800177188117,0.4081779829393839,-0.6053712052414673,-0.24583638699347263,-0.5064710374190352,0.275722374691349,0.20538959783803384,0.657343378726522,0.10914372890807977,0.46185894790456716,-0.2947240840444777,0.8839909991186066,-0.1857938083438907,-0.5999560140173127,0.8389712362937766,0.19589665125810898,-0.4717746459767712,-0.7346367337927524,0.7276305182042321,0.22580454886976323,-0.36923920007141614],[-0.32287945294437564,0.06941174535858559,0.3332891960339649,1.0292697585175763,0.1872493153498257,0.15978581080124934,-0.2779827321642641,0.5872834985666534,0.5783986938062854,0.05297744971115968,-0.3541974945200865,-0.15967035666170623,-0.009742711660945405,-0.7885487389803907,-0.4749039209879927,0.12830515173699444,-0.6067318039345179,0.10132496824317477,0.4213722526450796,-0.6005570890765897,0.036704231810617896,0.666921094200717,-0.47661489287756986,-0.5465580830225881,-1.1339421351141707,-0.36442106093973115],[0.11141874668270434,0.33772529939098606,-0.24361003406544088,-0.8438789954338941,-0.4372920184011243,0.1517932783245801,-0.1901284201354082,-0.39519603129439984,-0.6436277729757373,0.32951236828707414,-0.2949224290833691,-0.47436078246802166,-0.7369519972306764,0.20375331038675462,-0.3534566152416597,-0.13313060582472805,-0.4482005562723713,-0.06096446686634405,-0.3084132644918571,-0.5652950421229133,-0.3644059652845755,-0.3959136362788622,0.8476257186161155,-0.668233920752379,0.3032390678409513,0.5239818357366715]],"theta2":[[-0.06146568797528743,0.04811497393995523,0.0613855292648077,-0.03822699816897511,-0.10355158505961298,-0.04969697747379541,0.024144934304058563,0.08816038984805344,0.07057497220113873,0.10951049152761697,-0.02614538311958313,0.11144146822392939,-0.06747309459373355,-0.014543498475104569,-0.10255437031388283,-0.0814710789732635,-0.060670628529042,0.11788136031478644,0.031177297867834575,-0.02308548096567392,0.11281855216249823,-0.10555422211065887,0.1084221032448113,-0.029820174761116508,-0.047342523001134396,0.11280254272744059],[0.10001040006056428,-0.07894784700125455,0.022120940666645772,0.034504295848309996,-0.008492164928466078,-0.09912594515830278,-0.017878174390643833,-0.04650905929505825,-0.053547219000756735,0.029520389232784522,-0.07769326239824295,-0.08475293023511768,-0.012019088454544538,-0.08106345696374773,0.019357201661914597,-0.08896764406934381,0.03273642590269446,0.106191558111459,0.05584412679076195,0.011449639052152627,-0.046162183061242104,0.07181553091853857,-0.04283242598176003,-0.0431417597271502,0.06380138268694283,-0.057972854766994715],[0.03675068864598871,0.01666256189346313,-0.10756643006578087,0.06378273284062744,0.0025568395480513595,-0.04018484696745872,0.07906374609097838,-0.09098959609866142,0.0708002220466733,-0.11154317026957869,-0.11377162562683224,-0.11750822933390737,0.02578963827341796,0.11531202474609017,0.11904226653277875,-0.06683493560180068,0.1112601263076067,0.002213502880185847,-0.07721425535157322,0.033855936750769616,0.11937697252258658,-0.00003610096871853319,0.11756526455283164,0.053162275571376094,-0.0760728513635695,0.046388836987316606]]}